system,index,denominator,integer_form,verdict,provenance
"(3,6)",0,,"[1,1,1,0,0,0]",DESIGN-INT,direct
"(3,6)",1,2,"[2,1,1,1,1,0]",DESIGN-INT,direct
"(3,6)",2,4,"[3,3,2,2,1,1]",DESIGN-INT,direct
"(3,6)",3,2,"[1,1,1,1,1,1]",DESIGN-INT,direct
"(3,7)",0,,"[1,1,1,0,0,0,0]",DESIGN-INT,direct
"(3,7)",1,2,"[2,1,1,1,1,0,0]",DESIGN-INT,direct
"(3,7)",2,3,"[3,1,1,1,1,1,1]",DESIGN-INT,direct
"(3,7)",3,4,"[3,3,2,2,1,1,0]",DESIGN-INT,direct
"(3,7)",4,7,"[5,5,3,3,3,1,1]",DESIGN-INT,direct
"(3,7)",5,3,"[2,2,1,1,1,1,1]",DESIGN-INT,direct
"(3,7)",6,5,"[3,3,3,3,1,1,1]",DESIGN-INT,direct
"(3,7)",7,2,"[1,1,1,1,1,1,0]",DESIGN-INT,direct
"(3,7)",8,4,"[2,2,2,2,2,1,1]",DESIGN-INT,direct
"(3,7)",9,7,"[3,3,3,3,3,3,3]",DESIGN-INT,direct
"(3,8)",0,,"[1,1,1,0,0,0,0,0]",DESIGN-INT,direct
"(3,8)",1,2,"[2,1,1,1,1,0,0,0]",DESIGN-INT,direct
"(3,8)",2,3,"[3,1,1,1,1,1,1,0]",DESIGN-INT,direct
"(3,8)",3,7,"[6,3,3,3,2,2,1,1]",DESIGN-INT,direct
"(3,8)",4,6,"[5,3,2,2,2,2,1,1]",DESIGN-INT,direct
"(3,8)",5,5,"[4,3,2,2,1,1,1,1]",DESIGN-INT,direct
"(3,8)",6,15,"[12,6,6,5,5,5,3,3]",DESIGN-INT,direct
"(3,8)",7,14,"[11,6,6,5,5,5,2,2]",DESIGN-INT,direct
"(3,8)",8,4,"[3,3,2,2,1,1,0,0]",DESIGN-INT,direct
"(3,8)",9,12,"[9,6,4,4,4,3,3,3]",DESIGN-INT,direct
"(3,8)",10,12,"[9,5,5,5,3,3,3,3]",INTERFERENCE,direct
"(3,8)",11,16,"[12,6,6,6,6,6,3,3]",DESIGN-INT,direct
"(3,8)",12,7,"[5,5,3,3,3,1,1,0]",DESIGN-INT,direct
"(3,8)",13,7,"[5,5,3,3,2,1,1,1]",DESIGN-INT,direct
"(3,8)",14,10,"[7,7,4,4,4,2,1,1]",INTERFERENCE,direct
"(3,8)",15,10,"[7,5,5,5,2,2,2,2]",INTERFERENCE,direct
"(3,8)",16,13,"[9,9,5,5,3,3,3,2]",DESIGN-INT,direct
"(3,8)",17,16,"[11,11,6,6,4,4,3,3]",DESIGN-INT,direct
"(3,8)",18,6,"[4,4,3,3,1,1,1,1]",DESIGN-INT,direct
"(3,8)",19,9,"[6,6,4,4,4,1,1,1]",INTERFERENCE,direct
"(3,8)",20,18,"[12,12,7,7,4,4,4,4]",INTERFERENCE,direct
"(3,8)",21,3,"[2,2,1,1,1,1,1,0]",DESIGN-INT,direct
"(3,8)",22,6,"[4,4,2,2,2,2,1,1]",DESIGN-INT,direct
"(3,8)",23,9,"[6,6,3,3,3,2,2,2]",DESIGN-INT,direct
"(3,8)",24,9,"[6,5,5,5,2,2,1,1]",INTERFERENCE,direct
"(3,8)",25,3,"[2,1,1,1,1,1,1,1]",DESIGN-INT,direct
"(3,8)",26,5,"[3,3,3,3,1,1,1,0]",DESIGN-INT,direct
"(3,8)",27,10,"[6,6,3,3,3,3,3,3]",DESIGN-INT,direct
"(3,8)",28,15,"[9,8,8,8,3,3,3,3]",INTERFERENCE,direct
"(3,8)",29,7,"[4,4,4,4,2,1,1,1]",INTERFERENCE,direct
"(3,8)",30,16,"[9,9,9,9,4,4,2,2]",INTERFERENCE,direct
"(3,8)",31,18,"[10,10,10,10,4,4,3,3]",INTERFERENCE,direct
"(3,8)",32,28,"[15,15,15,15,6,6,6,6]",INTERFERENCE,direct
"(3,8)",33,2,"[1,1,1,1,1,1,0,0]",DESIGN-INT,direct
"(3,8)",34,4,"[2,2,2,2,2,1,1,0]",DESIGN-INT,direct
"(3,8)",35,6,"[3,3,3,3,3,1,1,1]",DESIGN-REAL,direct
"(3,8)",36,7,"[3,3,3,3,3,3,3,0]",DESIGN-INT,direct
"(3,8)",37,8,"[3,3,3,3,3,3,3,3]",DESIGN-INT,direct
"(3,9)",0,,"[1,1,1,0,0,0,0,0,0]",DESIGN-INT,direct
"(3,9)",1,2,"[2,1,1,1,1,0,0,0,0]",DESIGN-INT,direct
"(3,9)",2,3,"[3,1,1,1,1,1,1,0,0]",DESIGN-INT,direct
"(3,9)",3,4,"[4,1,1,1,1,1,1,1,1]",DESIGN-INT,direct
"(3,9)",4,7,"[6,3,3,3,2,2,1,1,0]",DESIGN-INT,direct
"(3,9)",5,6,"[5,3,2,2,2,2,1,1,0]",DESIGN-INT,direct
"(3,9)",6,5,"[4,3,2,2,1,1,1,1,0]",DESIGN-INT,direct
"(3,9)",7,15,"[12,6,6,5,5,5,3,3,0]",DESIGN-INT,direct
"(3,9)",8,14,"[11,6,6,5,5,5,2,2,0]",DESIGN-INT,direct
"(3,9)",9,13,"[10,6,6,6,4,4,1,1,1]",INTERFERENCE,direct
"(3,9)",10,4,"[3,3,2,2,1,1,0,0,0]",DESIGN-INT,direct
"(3,9)",11,12,"[9,6,6,6,3,3,1,1,1]",INTERFERENCE,direct
"(3,9)",12,12,"[9,6,4,4,4,3,3,3,0]",DESIGN-INT,direct
"(3,9)",13,12,"[9,5,5,5,3,3,3,3,0]",INTERFERENCE,direct
"(3,9)",14,16,"[12,6,6,6,6,6,3,3,0]",DESIGN-INT,direct
"(3,9)",15,11,"[8,7,5,5,2,2,2,1,1]",DESIGN-INT,direct
"(3,9)",16,11,"[8,6,4,4,4,4,1,1,1]",INTERFERENCE,direct
"(3,9)",17,7,"[5,5,3,3,3,1,1,0,0]",DESIGN-INT,direct
"(3,9)",18,7,"[5,5,3,3,2,1,1,1,0]",DESIGN-INT,direct
"(3,9)",19,10,"[7,7,4,4,4,2,1,1,0]",INTERFERENCE,direct
"(3,9)",20,10,"[7,7,4,4,4,1,1,1,1]",DESIGN-INT,direct
"(3,9)",21,10,"[7,7,4,4,2,2,2,1,1]",DESIGN-INT,direct
"(3,9)",22,10,"[7,5,5,5,2,2,2,2,0]",INTERFERENCE,direct
"(3,9)",23,13,"[9,9,6,6,3,2,2,1,1]",DESIGN-INT,direct
"(3,9)",24,13,"[9,9,5,5,3,3,3,2,0]",DESIGN-INT,direct
"(3,9)",25,16,"[11,11,6,6,4,4,3,3,0]",DESIGN-INT,direct
"(3,9)",26,19,"[13,13,7,7,4,4,4,4,1]",DESIGN-INT,direct
"(3,9)",27,6,"[4,4,3,3,1,1,1,1,0]",DESIGN-INT,direct
"(3,9)",28,9,"[6,6,4,4,4,1,1,1,0]",INTERFERENCE,direct
"(3,9)",29,12,"[8,8,5,5,2,2,2,2,2]",DESIGN-INT,direct
"(3,9)",30,15,"[10,10,6,6,6,4,1,1,1]",INTERFERENCE,direct
"(3,9)",31,18,"[12,12,7,7,4,4,4,4,0]",INTERFERENCE,direct
"(3,9)",32,3,"[2,2,1,1,1,1,1,0,0]",DESIGN-INT,direct
"(3,9)",33,6,"[4,4,2,2,2,2,1,1,0]",DESIGN-INT,direct
"(3,9)",34,9,"[6,6,3,3,3,3,1,1,1]",INTERFERENCE,direct
"(3,9)",35,9,"[6,6,3,3,3,2,2,2,0]",DESIGN-INT,direct
"(3,9)",36,9,"[6,5,5,5,2,2,1,1,0]",INTERFERENCE,direct
"(3,9)",37,15,"[10,8,8,8,4,4,1,1,1]",INTERFERENCE,direct
"(3,9)",38,3,"[2,1,1,1,1,1,1,1,0]",DESIGN-INT,direct
"(3,9)",39,8,"[5,5,2,2,2,2,2,2,2]",DESIGN-INT,direct
"(3,9)",40,13,"[8,8,6,6,6,2,1,1,1]",INTERFERENCE,direct
"(3,9)",41,5,"[3,3,3,3,1,1,1,0,0]",DESIGN-INT,direct
"(3,9)",42,10,"[6,6,5,5,4,1,1,1,1]",INTERFERENCE,direct
"(3,9)",43,10,"[6,6,3,3,3,3,3,3,0]",DESIGN-INT,direct
"(3,9)",44,15,"[9,8,8,8,3,3,3,3,0]",INTERFERENCE,direct
"(3,9)",45,7,"[4,4,4,4,2,1,1,1,0]",INTERFERENCE,direct
"(3,9)",46,7,"[4,4,4,4,1,1,1,1,1]",DESIGN-INT,direct
"(3,9)",47,16,"[9,9,9,9,4,4,2,2,0]",INTERFERENCE,direct
"(3,9)",48,18,"[10,10,10,10,4,4,3,3,0]",INTERFERENCE,direct
"(3,9)",49,11,"[6,6,6,6,4,2,1,1,1]",INTERFERENCE,direct
"(3,9)",50,28,"[15,15,15,15,6,6,6,6,0]",INTERFERENCE,direct
"(3,9)",51,2,"[1,1,1,1,1,1,0,0,0]",DESIGN-INT,direct
"(3,9)",52,4,"[2,2,2,2,2,1,1,0,0]",DESIGN-INT,direct
"(3,9)",53,6,"[3,3,3,3,3,1,1,1,0]",DESIGN-REAL,direct
"(3,9)",54,8,"[4,4,4,4,4,1,1,1,1]",DESIGN-INT,direct
"(3,9)",55,7,"[3,3,3,3,3,3,3,0,0]",DESIGN-INT,direct
"(3,9)",56,8,"[3,3,3,3,3,3,3,3,0]",DESIGN-INT,direct
"(3,9)",57,3,"[1,1,1,1,1,1,1,1,1]",DESIGN-INT,direct
"(3,10)",0,,"[1,1,1,0,0,0,0,0,0,0]",DESIGN-INT,direct
"(3,10)",1,2,"[2,1,1,1,1,0,0,0,0,0]",DESIGN-INT,direct
"(3,10)",2,3,"[3,1,1,1,1,1,1,0,0,0]",DESIGN-INT,direct
"(3,10)",3,4,"[4,1,1,1,1,1,1,1,1,0]",DESIGN-INT,direct
"(3,10)",4,10,"[9,3,3,3,3,3,2,2,1,1]",DESIGN-INT,direct
"(3,10)",5,9,"[8,3,3,3,2,2,2,2,1,1]",DESIGN-INT,direct
"(3,10)",6,8,"[7,3,3,3,2,2,1,1,1,1]",DESIGN-INT,direct
"(3,10)",7,8,"[7,3,2,2,2,2,2,2,1,1]",DESIGN-INT,direct
"(3,10)",8,7,"[6,3,3,3,2,2,1,1,0,0]",DESIGN-INT,direct
"(3,10)",9,7,"[6,3,2,2,2,2,1,1,1,1]",DESIGN-INT,direct
"(3,10)",10,21,"[18,6,6,6,6,5,5,5,3,3]",DESIGN-INT,direct
"(3,10)",11,20,"[17,6,6,6,6,5,5,5,2,2]",DESIGN-INT,direct
"(3,10)",12,20,"[17,6,6,5,5,5,5,5,3,3]",DESIGN-INT,direct
"(3,10)",13,19,"[16,6,6,5,5,5,5,5,2,2]",DESIGN-INT,direct
"(3,10)",14,6,"[5,3,2,2,2,2,1,1,0,0]",DESIGN-INT,direct
"(3,10)",15,6,"[5,3,2,2,1,1,1,1,1,1]",DESIGN-INT,direct
"(3,10)",16,36,"[30,10,10,10,9,9,9,9,6,6]",DESIGN-INT,direct
"(3,10)",17,17,"[14,5,5,5,5,5,3,3,3,3]",INTERFERENCE,direct
"(3,10)",18,33,"[27,10,10,10,9,9,9,9,3,3]",DESIGN-INT,direct
"(3,10)",19,22,"[18,6,6,6,6,6,6,6,3,3]",DESIGN-INT,direct
"(3,10)",20,16,"[13,6,4,4,4,4,4,3,3,3]",DESIGN-INT,direct
"(3,10)",21,5,"[4,3,2,2,1,1,1,1,0,0]",DESIGN-INT,direct
"(3,10)",22,15,"[12,6,6,5,5,5,3,3,0,0]",DESIGN-INT,direct
"(3,10)",23,15,"[12,6,4,4,4,3,3,3,3,3]",DESIGN-INT,direct
"(3,10)",24,15,"[12,5,5,5,5,5,2,2,2,2]",INTERFERENCE,direct
"(3,10)",25,15,"[12,5,5,5,3,3,3,3,3,3]",INTERFERENCE,direct
"(3,10)",26,14,"[11,6,6,5,5,5,2,2,0,0]",DESIGN-INT,direct
"(3,10)",27,28,"[22,10,7,7,7,7,6,6,6,6]",DESIGN-INT,direct
"(3,10)",28,13,"[10,6,6,6,4,4,1,1,1,0]",INTERFERENCE,direct
"(3,10)",29,4,"[3,3,2,2,1,1,0,0,0,0]",DESIGN-INT,direct
"(3,10)",30,12,"[9,6,6,6,3,3,1,1,1,0]",INTERFERENCE,direct
"(3,10)",31,12,"[9,6,4,4,4,3,3,3,0,0]",DESIGN-INT,direct
"(3,10)",32,12,"[9,6,3,3,3,3,3,2,2,2]",DESIGN-INT,direct
"(3,10)",33,12,"[9,5,5,5,3,3,3,3,0,0]",INTERFERENCE,direct
"(3,10)",34,12,"[9,5,5,5,2,2,2,2,2,2]",INTERFERENCE,direct
"(3,10)",35,16,"[12,6,6,6,6,6,3,3,0,0]",DESIGN-INT,direct
"(3,10)",36,4,"[3,1,1,1,1,1,1,1,1,1]",DESIGN-INT,direct
"(3,10)",37,11,"[8,7,5,5,2,2,2,1,1,0]",DESIGN-INT,direct
"(3,10)",38,11,"[8,6,4,4,4,4,1,1,1,0]",INTERFERENCE,direct
"(3,10)",39,11,"[8,6,3,3,3,2,2,2,2,2]",DESIGN-INT,direct
"(3,10)",40,18,"[13,9,9,9,5,5,1,1,1,1]",INTERFERENCE,direct
"(3,10)",41,7,"[5,5,3,3,3,1,1,0,0,0]",DESIGN-INT,direct
"(3,10)",42,7,"[5,5,3,3,2,1,1,1,0,0]",DESIGN-INT,direct
"(3,10)",43,10,"[7,7,4,4,4,2,1,1,0,0]",INTERFERENCE,direct
"(3,10)",44,10,"[7,7,4,4,4,1,1,1,1,0]",DESIGN-INT,direct
"(3,10)",45,10,"[7,7,4,4,3,1,1,1,1,1]",DESIGN-INT,direct
"(3,10)",46,10,"[7,7,4,4,2,2,2,1,1,0]",DESIGN-INT,direct
"(3,10)",47,10,"[7,5,5,5,2,2,2,2,0,0]",INTERFERENCE,direct
"(3,10)",48,13,"[9,9,6,6,3,2,2,1,1,0]",DESIGN-INT,direct
"(3,10)",49,13,"[9,9,5,5,5,2,1,1,1,1]",INTERFERENCE,direct
"(3,10)",50,13,"[9,9,5,5,3,3,3,2,0,0]",DESIGN-INT,direct
"(3,10)",51,13,"[9,6,3,3,3,3,3,3,3,3]",DESIGN-INT,direct
"(3,10)",52,16,"[11,11,7,7,3,3,3,1,1,1]",DESIGN-INT,direct
"(3,10)",53,16,"[11,11,6,6,6,2,2,2,1,1]",DESIGN-INT,direct
"(3,10)",54,16,"[11,11,6,6,4,4,3,3,0,0]",DESIGN-INT,direct
"(3,10)",55,16,"[11,11,6,6,3,3,3,3,1,1]",DESIGN-INT,direct
"(3,10)",56,19,"[13,13,7,7,4,4,4,4,1,0]",DESIGN-INT,direct
"(3,10)",57,28,"[19,19,10,10,6,6,6,6,1,1]",INTERFERENCE,direct
"(3,10)",58,6,"[4,4,3,3,1,1,1,1,0,0]",DESIGN-INT,direct
"(3,10)",59,9,"[6,6,4,4,4,1,1,1,0,0]",INTERFERENCE,direct
"(3,10)",60,12,"[8,8,5,5,5,1,1,1,1,1]",INTERFERENCE,direct
"(3,10)",61,12,"[8,8,5,5,2,2,2,2,2,0]",DESIGN-INT,direct
"(3,10)",62,15,"[10,10,6,6,6,4,1,1,1,0]",INTERFERENCE,direct
"(3,10)",63,18,"[12,12,7,7,4,4,4,4,0,0]",INTERFERENCE,direct
"(3,10)",64,3,"[2,2,1,1,1,1,1,0,0,0]",DESIGN-INT,direct
"(3,10)",65,6,"[4,4,2,2,2,2,1,1,0,0]",DESIGN-INT,direct
"(3,10)",66,9,"[6,6,3,3,3,3,1,1,1,0]",INTERFERENCE,direct
"(3,10)",67,9,"[6,6,3,3,3,2,2,2,0,0]",DESIGN-INT,direct
"(3,10)",68,15,"[10,10,5,5,5,2,2,2,2,2]",INTERFERENCE,direct
"(3,10)",69,6,"[4,4,2,2,1,1,1,1,1,1]",DESIGN-INT,direct
"(3,10)",70,9,"[6,5,5,5,2,2,1,1,0,0]",INTERFERENCE,direct
"(3,10)",71,15,"[10,8,8,8,4,4,1,1,1,0]",INTERFERENCE,direct
"(3,10)",72,3,"[2,1,1,1,1,1,1,1,0,0]",DESIGN-INT,direct
"(3,10)",73,14,"[9,9,5,5,5,5,1,1,1,1]",INTERFERENCE,direct
"(3,10)",74,14,"[9,9,4,4,4,4,2,2,2,2]",DESIGN-REAL,direct
"(3,10)",75,14,"[9,7,7,7,2,2,2,2,2,2]",INTERFERENCE,direct
"(3,10)",76,11,"[7,7,3,3,3,2,2,2,2,2]",DESIGN-INT,direct
"(3,10)",77,11,"[7,6,6,6,2,2,1,1,1,1]",INTERFERENCE,direct
"(3,10)",78,8,"[5,5,4,4,1,1,1,1,1,1]",DESIGN-INT,direct
"(3,10)",79,8,"[5,5,2,2,2,2,2,2,2,0]",DESIGN-INT,direct
"(3,10)",80,8,"[5,5,2,2,2,2,2,2,1,1]",DESIGN-INT,direct
"(3,10)",81,24,"[15,15,6,6,6,6,6,4,4,4]",INTERFERENCE,direct
"(3,10)",82,16,"[10,10,4,4,4,4,3,3,3,3]",DESIGN-INT,direct
"(3,10)",83,13,"[8,8,6,6,6,2,1,1,1,0]",INTERFERENCE,direct
"(3,10)",84,13,"[8,7,7,7,2,2,2,2,1,1]",DESIGN-INT,direct
"(3,10)",85,5,"[3,3,3,3,1,1,1,0,0,0]",DESIGN-INT,direct
"(3,10)",86,10,"[6,6,5,5,4,1,1,1,1,0]",INTERFERENCE,direct
"(3,10)",87,10,"[6,6,3,3,3,3,3,3,0,0]",DESIGN-INT,direct
"(3,10)",88,15,"[9,8,8,8,3,3,3,3,0,0]",INTERFERENCE,direct
"(3,10)",89,26,"[15,15,6,6,6,6,6,6,6,6]",INTERFERENCE,direct
"(3,10)",90,7,"[4,4,4,4,2,1,1,1,0,0]",INTERFERENCE,direct
"(3,10)",91,7,"[4,4,4,4,1,1,1,1,1,0]",DESIGN-INT,direct
"(3,10)",92,21,"[12,11,11,11,3,3,3,3,3,3]",INTERFERENCE,direct
"(3,10)",93,16,"[9,9,9,9,4,4,2,2,0,0]",INTERFERENCE,direct
"(3,10)",94,16,"[9,9,9,9,3,3,2,2,1,1]",DESIGN-INT,direct
"(3,10)",95,18,"[10,10,10,10,4,4,3,3,0,0]",INTERFERENCE,direct
"(3,10)",96,9,"[5,5,5,5,2,1,1,1,1,1]",INTERFERENCE,direct
"(3,10)",97,18,"[10,10,10,10,3,3,3,3,1,1]",INTERFERENCE,direct
"(3,10)",98,20,"[11,11,11,11,4,4,2,2,2,2]",INTERFERENCE,direct
"(3,10)",99,20,"[11,11,11,11,3,3,3,3,2,2]",INTERFERENCE,direct
"(3,10)",100,11,"[6,6,6,6,4,2,1,1,1,0]",INTERFERENCE,direct
"(3,10)",101,24,"[13,13,13,13,4,4,3,3,3,3]",INTERFERENCE,direct
"(3,10)",102,28,"[15,15,15,15,6,6,6,6,0,0]",INTERFERENCE,direct
"(3,10)",103,34,"[18,18,18,18,5,5,5,5,5,5]",INTERFERENCE,direct
"(3,10)",104,2,"[1,1,1,1,1,1,0,0,0,0]",DESIGN-INT,direct
"(3,10)",105,4,"[2,2,2,2,2,1,1,0,0,0]",DESIGN-INT,direct
"(3,10)",106,6,"[3,3,3,3,3,1,1,1,0,0]",DESIGN-REAL,direct
"(3,10)",107,8,"[4,4,4,4,4,1,1,1,1,0]",DESIGN-INT,direct
"(3,10)",108,10,"[5,5,5,5,5,1,1,1,1,1]",INTERFERENCE,direct
"(3,10)",109,7,"[3,3,3,3,3,3,3,0,0,0]",DESIGN-INT,direct
"(3,10)",110,8,"[3,3,3,3,3,3,3,3,0,0]",DESIGN-INT,direct
"(3,10)",111,3,"[1,1,1,1,1,1,1,1,1,0]",DESIGN-INT,direct
"(3,10)",112,10,"[3,3,3,3,3,3,3,3,3,3]",DESIGN-INT,direct
"(4,8)",0,,"[1,1,1,1,0,0,0,0]",DESIGN-INT,direct
"(4,8)",1,2,"[2,2,1,1,1,1,0,0]",DESIGN-INT,direct
"(4,8)",2,3,"[3,3,1,1,1,1,1,1]",DESIGN-INT,direct
"(4,8)",3,4,"[4,3,3,2,2,1,1,0]",DESIGN-INT,direct
"(4,8)",4,7,"[7,5,5,3,3,3,1,1]",DESIGN-INT,direct
"(4,8)",5,3,"[3,2,2,1,1,1,1,1]",DESIGN-INT,direct
"(4,8)",6,5,"[5,3,3,3,3,1,1,1]",DESIGN-INT,direct
"(4,8)",7,2,"[2,1,1,1,1,1,1,0]",DESIGN-INT,direct
"(4,8)",8,4,"[4,2,2,2,2,2,1,1]",DESIGN-INT,direct
"(4,8)",9,7,"[7,3,3,3,3,3,3,3]",DESIGN-INT,direct
"(4,8)",10,7,"[6,6,4,4,4,2,2,0]",DESIGN-INT,direct
"(4,8)",11,6,"[5,5,5,3,3,1,1,1]",DESIGN-INT,direct
"(4,8)",12,5,"[4,4,4,2,2,2,2,0]",DESIGN-INT,direct
"(4,8)",13,5,"[4,4,4,2,2,2,1,1]",DESIGN-INT,direct
"(4,8)",14,5,"[4,4,3,3,3,1,1,1]",DESIGN-INT,direct
"(4,8)",15,9,"[7,7,7,3,3,3,3,3]",DESIGN-INT,direct
"(4,8)",16,4,"[3,3,2,2,2,2,2,0]",DESIGN-INT,direct
"(4,8)",17,3,"[2,2,2,2,2,2,0,0]",DESIGN-INT,direct
"(4,8)",18,3,"[2,2,2,2,2,1,1,0]",DESIGN-INT,direct
"(4,8)",19,9,"[6,6,6,6,6,2,2,2]",DESIGN-INT,direct
"(4,8)",20,7,"[4,4,4,4,4,4,4,0]",DESIGN-INT,direct
"(4,8)",21,2,"[1,1,1,1,1,1,1,1]",DESIGN-INT,direct
"(4,9)",0,,"[1,1,1,1,0,0,0,0,0]",DESIGN-INT,direct
"(4,9)",1,2,"[2,2,1,1,1,1,0,0,0]",DESIGN-INT,direct
"(4,9)",2,3,"[3,3,1,1,1,1,1,1,0]",DESIGN-INT,direct
"(4,9)",3,7,"[7,6,3,3,3,2,2,1,1]",DESIGN-INT,direct
"(4,9)",4,6,"[6,5,3,2,2,2,2,1,1]",DESIGN-INT,direct
"(4,9)",5,5,"[5,4,3,2,2,1,1,1,1]",DESIGN-INT,direct
"(4,9)",6,15,"[15,12,6,6,5,5,5,3,3]",DESIGN-INT,direct
"(4,9)",7,14,"[14,11,6,6,5,5,5,2,2]",DESIGN-INT,direct
"(4,9)",8,4,"[4,3,3,2,2,1,1,0,0]",DESIGN-INT,direct
"(4,9)",9,12,"[12,9,6,4,4,4,3,3,3]",DESIGN-INT,direct
"(4,9)",10,12,"[12,9,5,5,5,3,3,3,3]",INTERFERENCE,direct
"(4,9)",11,16,"[16,12,6,6,6,6,6,3,3]",DESIGN-INT,direct
"(4,9)",12,7,"[7,5,5,3,3,3,1,1,0]",DESIGN-INT,direct
"(4,9)",13,7,"[7,5,5,3,3,2,1,1,1]",DESIGN-INT,direct
"(4,9)",14,10,"[10,7,7,4,4,4,2,1,1]",INTERFERENCE,direct
"(4,9)",15,10,"[10,7,5,5,5,2,2,2,2]",INTERFERENCE,direct
"(4,9)",16,13,"[13,9,9,5,5,3,3,3,2]",DESIGN-INT,direct
"(4,9)",17,16,"[16,11,11,6,6,4,4,3,3]",DESIGN-INT,direct
"(4,9)",18,6,"[6,4,4,3,3,1,1,1,1]",DESIGN-INT,direct
"(4,9)",19,9,"[9,6,6,4,4,4,1,1,1]",INTERFERENCE,direct
"(4,9)",20,18,"[18,12,12,7,7,4,4,4,4]",INTERFERENCE,direct
"(4,9)",21,3,"[3,2,2,1,1,1,1,1,0]",DESIGN-INT,direct
"(4,9)",22,6,"[6,4,4,2,2,2,2,1,1]",DESIGN-INT,direct
"(4,9)",23,9,"[9,6,6,3,3,3,2,2,2]",DESIGN-INT,direct
"(4,9)",24,9,"[9,6,5,5,5,2,2,1,1]",INTERFERENCE,direct
"(4,9)",25,3,"[3,2,1,1,1,1,1,1,1]",DESIGN-INT,direct
"(4,9)",26,5,"[5,3,3,3,3,1,1,1,0]",DESIGN-INT,direct
"(4,9)",27,10,"[10,6,6,3,3,3,3,3,3]",DESIGN-INT,direct
"(4,9)",28,15,"[15,9,8,8,8,3,3,3,3]",INTERFERENCE,direct
"(4,9)",29,7,"[7,4,4,4,4,2,1,1,1]",INTERFERENCE,direct
"(4,9)",30,16,"[16,9,9,9,9,4,4,2,2]",INTERFERENCE,direct
"(4,9)",31,18,"[18,10,10,10,10,4,4,3,3]",INTERFERENCE,direct
"(4,9)",32,28,"[28,15,15,15,15,6,6,6,6]",INTERFERENCE,direct
"(4,9)",33,2,"[2,1,1,1,1,1,1,0,0]",DESIGN-INT,direct
"(4,9)",34,4,"[4,2,2,2,2,2,1,1,0]",DESIGN-INT,direct
"(4,9)",35,6,"[6,3,3,3,3,3,1,1,1]",DESIGN-REAL,direct
"(4,9)",36,7,"[7,3,3,3,3,3,3,3,0]",DESIGN-INT,direct
"(4,9)",37,8,"[8,3,3,3,3,3,3,3,3]",DESIGN-INT,direct
"(4,9)",38,21,"[20,12,12,12,12,4,4,4,4]",INTERFERENCE,direct
"(4,9)",39,17,"[16,12,12,6,6,4,4,4,4]",DESIGN-INT,direct
"(4,9)",40,15,"[14,11,11,6,6,6,2,2,2]",INTERFERENCE,direct
"(4,9)",41,15,"[14,11,11,6,6,3,3,3,3]",DESIGN-INT,direct
"(4,9)",42,15,"[14,9,9,9,9,3,3,2,2]",INTERFERENCE,direct
"(4,9)",43,13,"[12,12,6,5,5,4,4,2,2]",DESIGN-INT,direct
"(4,9)",44,12,"[11,11,6,5,5,3,3,2,2]",DESIGN-INT,direct
"(4,9)",45,24,"[22,22,10,10,10,7,7,4,4]",DESIGN-INT,direct
"(4,9)",46,12,"[11,9,9,5,5,5,2,1,1]",DESIGN-INT,direct
"(4,9)",47,12,"[11,8,7,7,7,2,2,2,2]",INTERFERENCE,direct
"(4,9)",48,23,"[21,21,10,10,10,7,7,3,3]",DESIGN-INT,direct
"(4,9)",49,11,"[10,10,6,5,5,3,3,1,1]",DESIGN-INT,direct
"(4,9)",50,11,"[10,10,6,4,4,3,3,2,2]",DESIGN-INT,direct
"(4,9)",51,22,"[20,20,10,10,10,6,6,3,3]",DESIGN-INT,direct
"(4,9)",52,11,"[10,10,4,4,4,4,4,2,2]",DESIGN-INT,direct
"(4,9)",53,11,"[10,8,8,5,5,5,1,1,1]",DESIGN-INT,direct
"(4,9)",54,21,"[19,19,10,7,7,7,7,4,4]",DESIGN-INT,direct
"(4,9)",55,10,"[9,9,6,4,4,3,3,1,1]",DESIGN-INT,direct
"(4,9)",56,20,"[18,18,10,7,7,7,7,3,3]",DESIGN-INT,direct
"(4,9)",57,10,"[9,7,6,6,6,2,2,1,1]",DESIGN-INT,direct
"(4,9)",58,9,"[8,8,6,4,4,2,2,1,1]",DESIGN-INT,direct
"(4,9)",59,18,"[16,16,10,7,7,4,4,4,4]",DESIGN-INT,direct
"(4,9)",60,18,"[16,16,10,6,6,6,6,3,3]",DESIGN-INT,direct
"(4,9)",61,9,"[8,8,4,4,4,2,2,2,2]",DESIGN-INT,direct
"(4,9)",62,9,"[8,7,7,4,4,3,1,1,1]",DESIGN-INT,direct
"(4,9)",63,16,"[14,14,10,7,7,3,3,3,3]",DESIGN-INT,direct
"(4,9)",64,8,"[7,5,5,5,5,2,1,1,1]",DESIGN-INT,direct
"(4,9)",65,23,"[20,14,14,14,14,4,4,4,4]",INTERFERENCE,direct
"(4,9)",66,15,"[13,13,10,6,6,3,3,3,3]",DESIGN-INT,direct
"(4,9)",67,14,"[12,12,10,7,7,3,3,1,1]",DESIGN-INT,direct
"(4,9)",68,7,"[6,6,4,4,4,2,2,0,0]",DESIGN-INT,direct
"(4,9)",69,7,"[6,6,4,2,2,2,2,2,2]",DESIGN-INT,direct
"(4,9)",70,7,"[6,5,5,4,4,1,1,1,1]",DESIGN-INT,direct
"(4,9)",71,7,"[6,5,5,2,2,2,2,2,2]",DESIGN-INT,direct
"(4,9)",72,13,"[11,11,10,6,6,3,3,1,1]",DESIGN-INT,direct
"(4,9)",73,19,"[16,12,12,12,12,4,4,2,2]",DESIGN-INT,direct
"(4,9)",74,6,"[5,5,5,3,3,1,1,1,0]",DESIGN-INT,direct
"(4,9)",75,6,"[5,5,2,2,2,2,2,2,2]",DESIGN-INT,direct
"(4,9)",76,11,"[9,9,9,5,5,3,2,1,1]",DESIGN-INT,direct
"(4,9)",77,11,"[9,9,8,6,6,2,2,1,1]",DESIGN-INT,direct
"(4,9)",78,27,"[22,22,22,12,12,6,6,3,3]",DESIGN-INT,direct
"(4,9)",79,32,"[26,26,26,15,15,7,7,3,3]",DESIGN-INT,direct
"(4,9)",80,21,"[17,17,17,9,9,6,3,3,3]",DESIGN-INT,direct
"(4,9)",81,10,"[8,8,8,5,5,3,1,1,1]",DESIGN-INT,direct
"(4,9)",82,5,"[4,4,4,2,2,2,2,0,0]",DESIGN-INT,direct
"(4,9)",83,5,"[4,4,4,2,2,2,1,1,0]",DESIGN-INT,direct
"(4,9)",84,15,"[12,12,12,6,6,6,2,2,2]",DESIGN-INT,direct
"(4,9)",85,5,"[4,4,4,2,2,1,1,1,1]",DESIGN-INT,direct
"(4,9)",86,20,"[16,16,14,11,11,3,3,3,3]",DESIGN-INT,direct
"(4,9)",87,5,"[4,4,3,3,3,1,1,1,0]",DESIGN-INT,direct
"(4,9)",88,28,"[22,22,22,15,15,5,5,3,3]",DESIGN-INT,direct
"(4,9)",89,9,"[7,7,7,5,5,2,1,1,1]",DESIGN-INT,direct
"(4,9)",90,9,"[7,7,7,3,3,3,3,3,0]",DESIGN-INT,direct
"(4,9)",91,13,"[10,10,10,7,7,2,2,2,2]",DESIGN-REAL,direct
"(4,9)",92,13,"[10,10,8,8,8,2,2,2,2]",DESIGN-INT,direct
"(4,9)",93,21,"[16,16,16,12,12,4,4,2,2]",DESIGN-INT,direct
"(4,9)",94,21,"[16,16,16,6,6,6,6,6,6]",DESIGN-INT,direct
"(4,9)",95,4,"[3,3,2,2,2,2,2,0,0]",DESIGN-INT,direct
"(4,9)",96,3,"[2,2,2,2,2,2,0,0,0]",DESIGN-INT,direct
"(4,9)",97,3,"[2,2,2,2,2,1,1,0,0]",DESIGN-INT,direct
"(4,9)",98,9,"[6,6,6,6,6,2,2,2,0]",DESIGN-INT,direct
"(4,9)",99,6,"[4,4,4,4,4,1,1,1,1]",DESIGN-INT,direct
"(4,9)",100,7,"[4,4,4,4,4,4,4,0,0]",DESIGN-INT,direct
"(4,9)",101,2,"[1,1,1,1,1,1,1,1,0]",DESIGN-INT,direct
"(4,9)",102,9,"[4,4,4,4,4,4,4,4,4]",DESIGN-INT,direct
"(4,10)",0,,"[1,1,1,1,0,0,0,0,0,0]",DESIGN-INT,direct
"(4,10)",1,2,"[2,2,1,1,1,1,0,0,0,0]",DESIGN-INT,direct
"(4,10)",2,3,"[3,3,1,1,1,1,1,1,0,0]",DESIGN-INT,direct
"(4,10)",3,4,"[4,4,1,1,1,1,1,1,1,1]",DESIGN-INT,direct
"(4,10)",4,7,"[7,6,3,3,3,2,2,1,1,0]",DESIGN-INT,direct
"(4,10)",5,6,"[6,5,3,2,2,2,2,1,1,0]",DESIGN-INT,direct
"(4,10)",6,5,"[5,4,3,2,2,1,1,1,1,0]",DESIGN-INT,direct
"(4,10)",7,15,"[15,12,6,6,5,5,5,3,3,0]",DESIGN-INT,direct
"(4,10)",8,14,"[14,11,6,6,5,5,5,2,2,0]",DESIGN-INT,direct
"(4,10)",9,13,"[13,10,6,6,6,4,4,1,1,1]",INTERFERENCE,direct
"(4,10)",10,4,"[4,3,3,2,2,1,1,0,0,0]",DESIGN-INT,direct
"(4,10)",11,12,"[12,9,6,6,6,3,3,1,1,1]",INTERFERENCE,direct
"(4,10)",12,12,"[12,9,6,4,4,4,3,3,3,0]",DESIGN-INT,direct
"(4,10)",13,12,"[12,9,5,5,5,3,3,3,3,0]",INTERFERENCE,direct
"(4,10)",14,16,"[16,12,6,6,6,6,6,3,3,0]",DESIGN-INT,direct
"(4,10)",15,11,"[11,8,7,5,5,2,2,2,1,1]",DESIGN-INT,direct
"(4,10)",16,11,"[11,8,6,4,4,4,4,1,1,1]",INTERFERENCE,direct
"(4,10)",17,7,"[7,5,5,3,3,3,1,1,0,0]",DESIGN-INT,direct
"(4,10)",18,7,"[7,5,5,3,3,2,1,1,1,0]",DESIGN-INT,direct
"(4,10)",19,10,"[10,7,7,4,4,4,2,1,1,0]",INTERFERENCE,direct
"(4,10)",20,10,"[10,7,7,4,4,4,1,1,1,1]",DESIGN-INT,direct
"(4,10)",21,10,"[10,7,7,4,4,2,2,2,1,1]",DESIGN-INT,direct
"(4,10)",22,10,"[10,7,5,5,5,2,2,2,2,0]",INTERFERENCE,direct
"(4,10)",23,13,"[13,9,9,6,6,3,2,2,1,1]",DESIGN-INT,direct
"(4,10)",24,13,"[13,9,9,5,5,3,3,3,2,0]",DESIGN-INT,direct
"(4,10)",25,16,"[16,11,11,6,6,4,4,3,3,0]",DESIGN-INT,direct
"(4,10)",26,19,"[19,13,13,7,7,4,4,4,4,1]",DESIGN-INT,direct
"(4,10)",27,6,"[6,4,4,3,3,1,1,1,1,0]",DESIGN-INT,direct
"(4,10)",28,9,"[9,6,6,4,4,4,1,1,1,0]",INTERFERENCE,direct
"(4,10)",29,12,"[12,8,8,5,5,2,2,2,2,2]",DESIGN-INT,direct
"(4,10)",30,15,"[15,10,10,6,6,6,4,1,1,1]",INTERFERENCE,direct
"(4,10)",31,18,"[18,12,12,7,7,4,4,4,4,0]",INTERFERENCE,direct
"(4,10)",32,3,"[3,2,2,1,1,1,1,1,0,0]",DESIGN-INT,direct
"(4,10)",33,6,"[6,4,4,2,2,2,2,1,1,0]",DESIGN-INT,direct
"(4,10)",34,9,"[9,6,6,3,3,3,3,1,1,1]",INTERFERENCE,direct
"(4,10)",35,9,"[9,6,6,3,3,3,2,2,2,0]",DESIGN-INT,direct
"(4,10)",36,9,"[9,6,5,5,5,2,2,1,1,0]",INTERFERENCE,direct
"(4,10)",37,15,"[15,10,8,8,8,4,4,1,1,1]",INTERFERENCE,direct
"(4,10)",38,3,"[3,2,1,1,1,1,1,1,1,0]",DESIGN-INT,direct
"(4,10)",39,8,"[8,5,5,2,2,2,2,2,2,2]",DESIGN-INT,direct
"(4,10)",40,13,"[13,8,8,6,6,6,2,1,1,1]",INTERFERENCE,direct
"(4,10)",41,5,"[5,3,3,3,3,1,1,1,0,0]",DESIGN-INT,direct
"(4,10)",42,10,"[10,6,6,5,5,4,1,1,1,1]",INTERFERENCE,direct
"(4,10)",43,10,"[10,6,6,3,3,3,3,3,3,0]",DESIGN-INT,direct
"(4,10)",44,15,"[15,9,8,8,8,3,3,3,3,0]",INTERFERENCE,direct
"(4,10)",45,7,"[7,4,4,4,4,2,1,1,1,0]",INTERFERENCE,direct
"(4,10)",46,7,"[7,4,4,4,4,1,1,1,1,1]",DESIGN-INT,direct
"(4,10)",47,16,"[16,9,9,9,9,4,4,2,2,0]",INTERFERENCE,direct
"(4,10)",48,18,"[18,10,10,10,10,4,4,3,3,0]",INTERFERENCE,direct
"(4,10)",49,11,"[11,6,6,6,6,4,2,1,1,1]",INTERFERENCE,direct
"(4,10)",50,28,"[28,15,15,15,15,6,6,6,6,0]",INTERFERENCE,direct
"(4,10)",51,2,"[2,1,1,1,1,1,1,0,0,0]",DESIGN-INT,direct
"(4,10)",52,4,"[4,2,2,2,2,2,1,1,0,0]",DESIGN-INT,direct
"(4,10)",53,6,"[6,3,3,3,3,3,1,1,1,0]",DESIGN-REAL,direct
"(4,10)",54,8,"[8,4,4,4,4,4,1,1,1,1]",DESIGN-INT,direct
"(4,10)",55,7,"[7,3,3,3,3,3,3,3,0,0]",DESIGN-INT,direct
"(4,10)",56,8,"[8,3,3,3,3,3,3,3,3,0]",DESIGN-INT,direct
"(4,10)",57,3,"[3,1,1,1,1,1,1,1,1,1]",DESIGN-INT,direct
"(4,10)",58,21,"[20,12,12,12,12,4,4,4,4,0]",INTERFERENCE,direct
"(4,10)",59,17,"[16,12,12,6,6,4,4,4,4,0]",DESIGN-INT,direct
"(4,10)",60,15,"[14,11,11,6,6,6,2,2,2,0]",INTERFERENCE,direct
"(4,10)",61,15,"[14,11,11,6,6,3,3,3,3,0]",DESIGN-INT,direct
"(4,10)",62,15,"[14,9,9,9,9,3,3,2,2,0]",INTERFERENCE,direct
"(4,10)",63,13,"[12,12,6,5,5,4,4,2,2,0]",DESIGN-INT,direct
"(4,10)",64,12,"[11,11,6,5,5,3,3,2,2,0]",DESIGN-INT,direct
"(4,10)",65,24,"[22,22,10,10,10,7,7,4,4,0]",DESIGN-INT,direct
"(4,10)",66,12,"[11,9,9,5,5,5,2,1,1,0]",DESIGN-INT,direct
"(4,10)",67,12,"[11,9,9,5,5,2,2,2,2,1]",DESIGN-INT,direct
"(4,10)",68,12,"[11,8,7,7,7,2,2,2,2,0]",INTERFERENCE,direct
"(4,10)",69,23,"[21,21,10,10,10,7,7,3,3,0]",DESIGN-INT,direct
"(4,10)",70,11,"[10,10,6,5,5,3,3,1,1,0]",DESIGN-INT,direct
"(4,10)",71,11,"[10,10,6,4,4,3,3,2,2,0]",DESIGN-INT,direct
"(4,10)",72,22,"[20,20,10,10,10,6,6,3,3,0]",DESIGN-INT,direct
"(4,10)",73,11,"[10,10,4,4,4,4,4,2,2,0]",DESIGN-INT,direct
"(4,10)",74,11,"[10,8,8,5,5,5,1,1,1,0]",DESIGN-INT,direct
"(4,10)",75,21,"[19,19,10,7,7,7,7,4,4,0]",DESIGN-INT,direct
"(4,10)",76,10,"[9,9,6,4,4,3,3,1,1,0]",DESIGN-INT,direct
"(4,10)",77,20,"[18,18,10,7,7,7,7,3,3,0]",DESIGN-INT,direct
"(4,10)",78,10,"[9,7,6,6,6,2,2,1,1,0]",DESIGN-INT,direct
"(4,10)",79,9,"[8,8,6,4,4,2,2,1,1,0]",DESIGN-INT,direct
"(4,10)",80,18,"[16,16,11,8,8,5,5,1,1,1]",DESIGN-INT,direct
"(4,10)",81,18,"[16,16,10,7,7,4,4,4,4,0]",DESIGN-INT,direct
"(4,10)",82,18,"[16,16,10,6,6,6,6,3,3,0]",DESIGN-INT,direct
"(4,10)",83,9,"[8,8,4,4,4,2,2,2,2,0]",DESIGN-INT,direct
"(4,10)",84,9,"[8,7,7,4,4,3,1,1,1,0]",DESIGN-INT,direct
"(4,10)",85,9,"[8,7,7,4,4,2,1,1,1,1]",DESIGN-INT,direct
"(4,10)",86,17,"[15,15,11,8,8,4,4,1,1,1]",DESIGN-INT,direct
"(4,10)",87,25,"[22,19,19,10,10,4,4,4,4,4]",DESIGN-INT,direct
"(4,10)",88,16,"[14,14,11,7,7,4,4,1,1,1]",DESIGN-INT,direct
"(4,10)",89,16,"[14,14,10,7,7,3,3,3,3,0]",DESIGN-INT,direct
"(4,10)",90,8,"[7,6,6,4,4,1,1,1,1,1]",DESIGN-INT,direct
"(4,10)",91,16,"[14,12,12,7,7,7,2,1,1,1]",DESIGN-INT,direct
"(4,10)",92,8,"[7,5,5,5,5,2,1,1,1,0]",DESIGN-INT,direct
"(4,10)",93,23,"[20,14,14,14,14,4,4,4,4,0]",INTERFERENCE,direct
"(4,10)",94,15,"[13,13,10,6,6,3,3,3,3,0]",DESIGN-INT,direct
"(4,10)",95,14,"[12,12,10,7,7,3,3,1,1,0]",DESIGN-INT,direct
"(4,10)",96,21,"[18,18,15,10,10,5,5,1,1,1]",DESIGN-INT,direct
"(4,10)",97,7,"[6,6,5,3,3,1,1,1,1,1]",DESIGN-INT,direct
"(4,10)",98,7,"[6,6,4,4,4,2,2,0,0,0]",DESIGN-INT,direct
"(4,10)",99,7,"[6,6,4,2,2,2,2,2,2,0]",DESIGN-INT,direct
"(4,10)",100,7,"[6,5,5,4,4,1,1,1,1,0]",DESIGN-INT,direct
"(4,10)",101,7,"[6,5,5,2,2,2,2,2,2,0]",DESIGN-INT,direct
"(4,10)",102,13,"[11,11,10,6,6,3,3,1,1,0]",DESIGN-INT,direct
"(4,10)",103,13,"[11,10,10,6,6,5,1,1,1,1]",DESIGN-INT,direct
"(4,10)",104,19,"[16,15,15,8,8,3,3,3,3,2]",DESIGN-INT,direct
"(4,10)",105,19,"[16,12,12,12,12,4,4,2,2,0]",DESIGN-INT,direct
"(4,10)",106,6,"[5,5,5,3,3,1,1,1,0,0]",DESIGN-INT,direct
"(4,10)",107,12,"[10,10,9,6,6,2,2,1,1,1]",DESIGN-INT,direct
"(4,10)",108,6,"[5,5,2,2,2,2,2,2,2,0]",DESIGN-INT,direct
"(4,10)",109,11,"[9,9,9,5,5,3,2,1,1,0]",DESIGN-INT,direct
"(4,10)",110,11,"[9,9,9,5,5,2,2,1,1,1]",DESIGN-INT,direct
"(4,10)",111,11,"[9,9,8,6,6,2,2,1,1,0]",DESIGN-INT,direct
"(4,10)",112,11,"[9,7,7,7,7,2,2,1,1,1]",DESIGN-INT,direct
"(4,10)",113,27,"[22,22,22,12,12,6,6,3,3,0]",DESIGN-INT,direct
"(4,10)",114,32,"[26,26,26,15,15,7,7,3,3,0]",DESIGN-INT,direct
"(4,10)",115,16,"[13,13,13,7,7,4,2,2,2,1]",DESIGN-INT,direct
"(4,10)",116,21,"[17,17,17,9,9,6,3,3,3,0]",DESIGN-INT,direct
"(4,10)",117,21,"[17,17,17,9,9,4,3,3,3,2]",DESIGN-INT,direct
"(4,10)",118,31,"[25,25,25,13,13,7,4,4,4,4]",DESIGN-INT,direct
"(4,10)",119,31,"[25,25,22,16,16,4,4,4,4,4]",DESIGN-INT,direct
"(4,10)",120,36,"[29,29,29,15,15,6,6,6,6,3]",DESIGN-INT,direct
"(4,10)",121,10,"[8,8,8,5,5,3,1,1,1,0]",DESIGN-INT,direct
"(4,10)",122,10,"[8,8,8,5,5,2,1,1,1,1]",DESIGN-INT,direct
"(4,10)",123,15,"[12,12,12,7,7,5,2,1,1,1]",DESIGN-INT,direct
"(4,10)",124,15,"[12,12,12,7,7,2,2,2,2,2]",DESIGN-INT,direct
"(4,10)",125,5,"[4,4,4,2,2,2,2,0,0,0]",DESIGN-INT,direct
"(4,10)",126,5,"[4,4,4,2,2,2,1,1,0,0]",DESIGN-INT,direct
"(4,10)",127,15,"[12,12,12,6,6,6,2,2,2,0]",DESIGN-INT,direct
"(4,10)",128,10,"[8,8,8,4,4,4,1,1,1,1]",DESIGN-INT,direct
"(4,10)",129,5,"[4,4,4,2,2,1,1,1,1,0]",DESIGN-INT,direct
"(4,10)",130,25,"[20,20,20,10,10,4,4,4,4,4]",DESIGN-INT,direct
"(4,10)",131,15,"[12,12,11,8,8,2,2,2,2,1]",DESIGN-INT,direct
"(4,10)",132,20,"[16,16,14,11,11,3,3,3,3,0]",DESIGN-INT,direct
"(4,10)",133,5,"[4,4,3,3,3,1,1,1,0,0]",DESIGN-INT,direct
"(4,10)",134,10,"[8,7,7,6,6,2,1,1,1,1]",DESIGN-INT,direct
"(4,10)",135,43,"[34,34,34,22,22,7,7,4,4,4]",DESIGN-INT,direct
"(4,10)",136,19,"[15,15,15,10,10,3,3,2,2,1]",DESIGN-INT,direct
"(4,10)",137,28,"[22,22,22,15,15,5,5,3,3,0]",DESIGN-INT,direct
"(4,10)",138,9,"[7,7,7,5,5,2,1,1,1,0]",DESIGN-INT,direct
"(4,10)",139,36,"[28,28,28,19,19,5,5,5,5,2]",DESIGN-INT,direct
"(4,10)",140,9,"[7,7,7,3,3,3,3,3,0,0]",DESIGN-INT,direct
"(4,10)",141,13,"[10,10,10,7,7,2,2,2,2,0]",DESIGN-REAL,direct
"(4,10)",142,13,"[10,10,8,8,8,2,2,2,2,0]",DESIGN-INT,direct
"(4,10)",143,21,"[16,16,16,12,12,4,4,2,2,0]",DESIGN-INT,direct
"(4,10)",144,21,"[16,16,16,6,6,6,6,6,6,0]",DESIGN-INT,direct
"(4,10)",145,12,"[9,9,9,7,7,2,2,1,1,1]",DESIGN-INT,direct
"(4,10)",146,16,"[12,12,12,9,9,2,2,2,2,2]",DESIGN-INT,direct
"(4,10)",147,4,"[3,3,3,1,1,1,1,1,1,1]",DESIGN-INT,direct
"(4,10)",148,8,"[6,6,5,5,5,1,1,1,1,1]",DESIGN-INT,direct
"(4,10)",149,4,"[3,3,2,2,2,2,2,0,0,0]",DESIGN-INT,direct
"(4,10)",150,3,"[2,2,2,2,2,2,0,0,0,0]",DESIGN-INT,direct
"(4,10)",151,3,"[2,2,2,2,2,1,1,0,0,0]",DESIGN-INT,direct
"(4,10)",152,9,"[6,6,6,6,6,2,2,2,0,0]",DESIGN-INT,direct
"(4,10)",153,6,"[4,4,4,4,4,1,1,1,1,0]",DESIGN-INT,direct
"(4,10)",154,15,"[10,10,10,10,10,2,2,2,2,2]",DESIGN-INT,direct
"(4,10)",155,7,"[4,4,4,4,4,4,4,0,0,0]",DESIGN-INT,direct
"(4,10)",156,2,"[1,1,1,1,1,1,1,1,0,0]",DESIGN-INT,direct
"(4,10)",157,9,"[4,4,4,4,4,4,4,4,4,0]",DESIGN-INT,direct
"(4,10)",158,5,"[2,2,2,2,2,2,2,2,2,2]",DESIGN-INT,direct
"(5,10)",0,,"[1,1,1,1,1,0,0,0,0,0]",DESIGN-INT,direct
"(5,10)",1,2,"[2,2,2,1,1,1,1,0,0,0]",DESIGN-INT,direct
"(5,10)",2,3,"[3,3,3,1,1,1,1,1,1,0]",DESIGN-INT,direct
"(5,10)",3,7,"[7,7,6,3,3,3,2,2,1,1]",DESIGN-INT,direct
"(5,10)",4,6,"[6,6,5,3,2,2,2,2,1,1]",DESIGN-INT,direct
"(5,10)",5,5,"[5,5,4,3,2,2,1,1,1,1]",DESIGN-INT,direct
"(5,10)",6,15,"[15,15,12,6,6,5,5,5,3,3]",DESIGN-INT,direct
"(5,10)",7,14,"[14,14,11,6,6,5,5,5,2,2]",DESIGN-INT,direct
"(5,10)",8,4,"[4,4,3,3,2,2,1,1,0,0]",DESIGN-INT,direct
"(5,10)",9,12,"[12,12,9,6,4,4,4,3,3,3]",DESIGN-INT,direct
"(5,10)",10,12,"[12,12,9,5,5,5,3,3,3,3]",INTERFERENCE,direct
"(5,10)",11,16,"[16,16,12,6,6,6,6,6,3,3]",DESIGN-INT,direct
"(5,10)",12,7,"[7,7,5,5,3,3,3,1,1,0]",DESIGN-INT,direct
"(5,10)",13,7,"[7,7,5,5,3,3,2,1,1,1]",DESIGN-INT,direct
"(5,10)",14,10,"[10,10,7,7,4,4,4,2,1,1]",INTERFERENCE,direct
"(5,10)",15,10,"[10,10,7,5,5,5,2,2,2,2]",INTERFERENCE,direct
"(5,10)",16,13,"[13,13,9,9,5,5,3,3,3,2]",DESIGN-INT,direct
"(5,10)",17,16,"[16,16,11,11,6,6,4,4,3,3]",DESIGN-INT,direct
"(5,10)",18,6,"[6,6,4,4,3,3,1,1,1,1]",DESIGN-INT,direct
"(5,10)",19,9,"[9,9,6,6,4,4,4,1,1,1]",INTERFERENCE,direct
"(5,10)",20,18,"[18,18,12,12,7,7,4,4,4,4]",INTERFERENCE,direct
"(5,10)",21,3,"[3,3,2,2,1,1,1,1,1,0]",DESIGN-INT,direct
"(5,10)",22,6,"[6,6,4,4,2,2,2,2,1,1]",DESIGN-INT,direct
"(5,10)",23,9,"[9,9,6,6,3,3,3,2,2,2]",DESIGN-INT,direct
"(5,10)",24,9,"[9,9,6,5,5,5,2,2,1,1]",INTERFERENCE,direct
"(5,10)",25,3,"[3,3,2,1,1,1,1,1,1,1]",DESIGN-INT,direct
"(5,10)",26,5,"[5,5,3,3,3,3,1,1,1,0]",DESIGN-INT,direct
"(5,10)",27,10,"[10,10,6,6,3,3,3,3,3,3]",DESIGN-INT,direct
"(5,10)",28,15,"[15,15,9,8,8,8,3,3,3,3]",INTERFERENCE,direct
"(5,10)",29,7,"[7,7,4,4,4,4,2,1,1,1]",INTERFERENCE,direct
"(5,10)",30,16,"[16,16,9,9,9,9,4,4,2,2]",INTERFERENCE,direct
"(5,10)",31,18,"[18,18,10,10,10,10,4,4,3,3]",INTERFERENCE,direct
"(5,10)",32,28,"[28,28,15,15,15,15,6,6,6,6]",INTERFERENCE,direct
"(5,10)",33,2,"[2,2,1,1,1,1,1,1,0,0]",DESIGN-INT,direct
"(5,10)",34,4,"[4,4,2,2,2,2,2,1,1,0]",DESIGN-INT,direct
"(5,10)",35,6,"[6,6,3,3,3,3,3,1,1,1]",DESIGN-REAL,direct
"(5,10)",36,7,"[7,7,3,3,3,3,3,3,3,0]",DESIGN-INT,direct
"(5,10)",37,8,"[8,8,3,3,3,3,3,3,3,3]",DESIGN-INT,direct
"(5,10)",38,21,"[21,20,12,12,12,12,4,4,4,4]",INTERFERENCE,direct
"(5,10)",39,17,"[17,16,12,12,6,6,4,4,4,4]",DESIGN-INT,direct
"(5,10)",40,15,"[15,14,11,11,6,6,6,2,2,2]",INTERFERENCE,direct
"(5,10)",41,15,"[15,14,11,11,6,6,3,3,3,3]",DESIGN-INT,direct
"(5,10)",42,15,"[15,14,9,9,9,9,3,3,2,2]",INTERFERENCE,direct
"(5,10)",43,13,"[13,12,12,6,5,5,4,4,2,2]",DESIGN-INT,direct
"(5,10)",44,12,"[12,11,11,6,5,5,3,3,2,2]",DESIGN-INT,direct
"(5,10)",45,24,"[24,22,22,10,10,10,7,7,4,4]",DESIGN-INT,direct
"(5,10)",46,12,"[12,11,9,9,5,5,5,2,1,1]",DESIGN-INT,direct
"(5,10)",47,12,"[12,11,8,7,7,7,2,2,2,2]",INTERFERENCE,direct
"(5,10)",48,23,"[23,21,21,10,10,10,7,7,3,3]",DESIGN-INT,direct
"(5,10)",49,11,"[11,10,10,6,5,5,3,3,1,1]",DESIGN-INT,direct
"(5,10)",50,11,"[11,10,10,6,4,4,3,3,2,2]",DESIGN-INT,direct
"(5,10)",51,22,"[22,20,20,10,10,10,6,6,3,3]",DESIGN-INT,direct
"(5,10)",52,11,"[11,10,10,4,4,4,4,4,2,2]",DESIGN-INT,direct
"(5,10)",53,11,"[11,10,8,8,5,5,5,1,1,1]",DESIGN-INT,direct
"(5,10)",54,21,"[21,19,19,10,7,7,7,7,4,4]",DESIGN-INT,direct
"(5,10)",55,10,"[10,9,9,6,4,4,3,3,1,1]",DESIGN-INT,direct
"(5,10)",56,20,"[20,18,18,10,7,7,7,7,3,3]",DESIGN-INT,direct
"(5,10)",57,10,"[10,9,7,6,6,6,2,2,1,1]",DESIGN-INT,direct
"(5,10)",58,9,"[9,8,8,6,4,4,2,2,1,1]",DESIGN-INT,direct
"(5,10)",59,18,"[18,16,16,10,7,7,4,4,4,4]",DESIGN-INT,direct
"(5,10)",60,18,"[18,16,16,10,6,6,6,6,3,3]",DESIGN-INT,direct
"(5,10)",61,9,"[9,8,8,4,4,4,2,2,2,2]",DESIGN-INT,direct
"(5,10)",62,9,"[9,8,7,7,4,4,3,1,1,1]",DESIGN-INT,direct
"(5,10)",63,16,"[16,14,14,10,7,7,3,3,3,3]",DESIGN-INT,direct
"(5,10)",64,8,"[8,7,5,5,5,5,2,1,1,1]",DESIGN-INT,direct
"(5,10)",65,23,"[23,20,14,14,14,14,4,4,4,4]",INTERFERENCE,direct
"(5,10)",66,15,"[15,13,13,10,6,6,3,3,3,3]",DESIGN-INT,direct
"(5,10)",67,14,"[14,12,12,10,7,7,3,3,1,1]",DESIGN-INT,direct
"(5,10)",68,7,"[7,6,6,4,4,4,2,2,0,0]",DESIGN-INT,direct
"(5,10)",69,7,"[7,6,6,4,2,2,2,2,2,2]",DESIGN-INT,direct
"(5,10)",70,7,"[7,6,5,5,4,4,1,1,1,1]",DESIGN-INT,direct
"(5,10)",71,7,"[7,6,5,5,2,2,2,2,2,2]",DESIGN-INT,direct
"(5,10)",72,13,"[13,11,11,10,6,6,3,3,1,1]",DESIGN-INT,direct
"(5,10)",73,19,"[19,16,12,12,12,12,4,4,2,2]",DESIGN-INT,direct
"(5,10)",74,6,"[6,5,5,5,3,3,1,1,1,0]",DESIGN-INT,direct
"(5,10)",75,6,"[6,5,5,2,2,2,2,2,2,2]",DESIGN-INT,direct
"(5,10)",76,11,"[11,9,9,9,5,5,3,2,1,1]",DESIGN-INT,direct
"(5,10)",77,11,"[11,9,9,8,6,6,2,2,1,1]",DESIGN-INT,direct
"(5,10)",78,27,"[27,22,22,22,12,12,6,6,3,3]",DESIGN-INT,direct
"(5,10)",79,32,"[32,26,26,26,15,15,7,7,3,3]",DESIGN-INT,direct
"(5,10)",80,21,"[21,17,17,17,9,9,6,3,3,3]",DESIGN-INT,direct
"(5,10)",81,10,"[10,8,8,8,5,5,3,1,1,1]",DESIGN-INT,direct
"(5,10)",82,5,"[5,4,4,4,2,2,2,2,0,0]",DESIGN-INT,direct
"(5,10)",83,5,"[5,4,4,4,2,2,2,1,1,0]",DESIGN-INT,direct
"(5,10)",84,15,"[15,12,12,12,6,6,6,2,2,2]",DESIGN-INT,direct
"(5,10)",85,5,"[5,4,4,4,2,2,1,1,1,1]",DESIGN-INT,direct
"(5,10)",86,20,"[20,16,16,14,11,11,3,3,3,3]",DESIGN-INT,direct
"(5,10)",87,5,"[5,4,4,3,3,3,1,1,1,0]",DESIGN-INT,direct
"(5,10)",88,28,"[28,22,22,22,15,15,5,5,3,3]",DESIGN-INT,direct
"(5,10)",89,9,"[9,7,7,7,5,5,2,1,1,1]",DESIGN-INT,direct
"(5,10)",90,9,"[9,7,7,7,3,3,3,3,3,0]",DESIGN-INT,direct
"(5,10)",91,13,"[13,10,10,10,7,7,2,2,2,2]",DESIGN-REAL,direct
"(5,10)",92,13,"[13,10,10,8,8,8,2,2,2,2]",DESIGN-INT,direct
"(5,10)",93,21,"[21,16,16,16,12,12,4,4,2,2]",DESIGN-INT,direct
"(5,10)",94,21,"[21,16,16,16,6,6,6,6,6,6]",DESIGN-INT,direct
"(5,10)",95,4,"[4,3,3,2,2,2,2,2,0,0]",DESIGN-INT,direct
"(5,10)",96,3,"[3,2,2,2,2,2,2,0,0,0]",DESIGN-INT,direct
"(5,10)",97,3,"[3,2,2,2,2,2,1,1,0,0]",DESIGN-INT,direct
"(5,10)",98,9,"[9,6,6,6,6,6,2,2,2,0]",DESIGN-INT,direct
"(5,10)",99,6,"[6,4,4,4,4,4,1,1,1,1]",DESIGN-INT,direct
"(5,10)",100,7,"[7,4,4,4,4,4,4,4,0,0]",DESIGN-INT,direct
"(5,10)",101,2,"[2,1,1,1,1,1,1,1,1,0]",DESIGN-INT,direct
"(5,10)",102,9,"[9,4,4,4,4,4,4,4,4,4]",DESIGN-INT,direct
"(5,10)",103,32,"[31,31,23,23,12,12,7,7,7,7]",DESIGN-INT,direct
"(5,10)",104,25,"[24,24,22,9,9,9,9,9,5,5]",DESIGN-INT,direct
"(5,10)",105,24,"[23,23,21,9,9,9,9,9,4,4]",DESIGN-INT,direct
"(5,10)",106,24,"[23,23,17,17,8,8,6,6,6,6]",DESIGN-INT,direct
"(5,10)",107,23,"[22,22,21,9,9,8,8,8,4,4]",DESIGN-INT,direct
"(5,10)",108,23,"[22,22,17,17,10,10,10,3,2,2]",DESIGN-INT,direct
"(5,10)",109,20,"[19,19,15,15,9,9,8,2,2,2]",DESIGN-INT,direct
"(5,10)",110,18,"[17,17,17,9,7,7,5,5,3,3]",DESIGN-INT,direct
"(5,10)",111,18,"[17,17,17,7,7,7,6,6,3,3]",DESIGN-INT,direct
"(5,10)",112,36,"[34,34,33,13,13,13,13,13,7,7]",DESIGN-INT,direct
"(5,10)",113,18,"[17,17,16,8,8,8,4,4,4,4]",INTERFERENCE,direct
"(5,10)",114,18,"[17,17,11,11,11,11,3,3,3,3]",INTERFERENCE,direct
"(5,10)",115,35,"[33,33,32,13,13,13,13,13,6,6]",DESIGN-INT,direct
"(5,10)",116,17,"[16,16,16,9,7,7,5,5,2,2]",DESIGN-INT,direct
"(5,10)",117,17,"[16,16,16,7,6,6,6,6,3,3]",DESIGN-INT,direct
"(5,10)",118,17,"[16,16,14,9,5,5,5,5,5,5]",DESIGN-INT,direct
"(5,10)",119,17,"[16,16,13,13,7,7,7,4,1,1]",DESIGN-INT,direct
"(5,10)",120,17,"[16,16,13,13,7,7,7,2,2,2]",DESIGN-INT,direct
"(5,10)",121,17,"[16,16,13,10,10,10,4,4,1,1]",DESIGN-INT,direct
"(5,10)",122,16,"[15,15,15,9,7,7,4,4,2,2]",DESIGN-INT,direct
"(5,10)",123,16,"[15,15,15,7,7,7,4,4,3,3]",DESIGN-INT,direct
"(5,10)",124,48,"[45,45,45,18,18,17,17,17,9,9]",DESIGN-INT,direct
"(5,10)",125,16,"[15,15,14,9,5,5,5,4,4,4]",DESIGN-INT,direct
"(5,10)",126,16,"[15,15,10,10,10,10,3,3,2,2]",DESIGN-INT,direct
"(5,10)",127,47,"[44,44,44,18,18,17,17,17,8,8]",DESIGN-INT,direct
"(5,10)",128,15,"[14,14,14,9,6,6,4,4,2,2]",DESIGN-INT,direct
"(5,10)",129,60,"[56,56,56,22,22,22,22,22,11,11]",DESIGN-INT,direct
"(5,10)",130,75,"[70,70,70,27,27,27,27,27,15,15]",DESIGN-INT,direct
"(5,10)",131,15,"[14,14,10,10,9,9,3,2,2,2]",DESIGN-INT,direct
"(5,10)",132,72,"[67,67,67,27,27,27,27,27,12,12]",DESIGN-INT,direct
"(5,10)",133,14,"[13,13,13,7,7,7,4,4,1,1]",DESIGN-INT,direct
"(5,10)",134,14,"[13,13,13,7,6,6,3,3,3,3]",DESIGN-INT,direct
"(5,10)",135,14,"[13,13,11,11,7,7,4,2,2,0]",DESIGN-INT,direct
"(5,10)",136,14,"[13,13,11,9,4,4,4,4,4,4]",DESIGN-INT,direct
"(5,10)",137,14,"[13,13,10,10,7,7,7,1,1,1]",DESIGN-INT,direct
"(5,10)",138,14,"[13,13,10,10,4,4,4,4,4,4]",DESIGN-INT,direct
"(5,10)",139,13,"[12,12,12,7,4,4,4,4,3,3]",DESIGN-INT,direct
"(5,10)",140,39,"[36,36,36,17,17,17,9,9,9,9]",INTERFERENCE,direct
"(5,10)",141,13,"[12,12,10,10,7,7,3,2,2,0]",DESIGN-INT,direct
"(5,10)",142,13,"[12,12,9,8,8,8,2,2,2,2]",DESIGN-INT,direct
"(5,10)",143,25,"[23,22,16,16,16,16,4,4,4,4]",DESIGN-INT,direct
"(5,10)",144,37,"[34,34,34,17,17,17,8,8,8,8]",INTERFERENCE,direct
"(5,10)",145,12,"[11,11,11,7,4,4,3,3,3,3]",DESIGN-INT,direct
"(5,10)",146,24,"[22,22,21,13,7,7,7,7,7,7]",DESIGN-INT,direct
"(5,10)",147,12,"[11,11,10,7,7,7,3,3,1,0]",DESIGN-INT,direct
"(5,10)",148,23,"[21,21,20,13,13,13,6,6,1,1]",DESIGN-INT,direct
"(5,10)",149,11,"[10,10,10,7,4,4,4,4,1,1]",DESIGN-INT,direct
"(5,10)",150,11,"[10,10,10,6,6,6,3,3,1,0]",DESIGN-INT,direct
"(5,10)",151,33,"[30,30,30,18,10,10,10,9,9,9]",DESIGN-INT,direct
"(5,10)",152,11,"[10,10,9,9,5,5,3,2,2,0]",DESIGN-INT,direct
"(5,10)",153,11,"[10,10,9,8,6,6,2,2,2,0]",DESIGN-INT,direct
"(5,10)",154,11,"[10,10,8,8,6,6,5,1,1,0]",DESIGN-INT,direct
"(5,10)",155,11,"[10,10,7,7,7,7,4,1,1,1]",DESIGN-INT,direct
"(5,10)",156,33,"[30,30,21,21,21,21,6,5,5,5]",DESIGN-INT,direct
"(5,10)",157,32,"[29,29,25,25,17,17,6,6,6,0]",DESIGN-INT,direct
"(5,10)",158,32,"[29,29,21,21,20,20,5,5,5,5]",DESIGN-INT,direct
"(5,10)",159,21,"[19,19,18,13,6,6,6,6,6,6]",DESIGN-INT,direct
"(5,10)",160,21,"[19,19,17,17,9,9,5,5,5,0]",DESIGN-INT,direct
"(5,10)",161,51,"[46,46,46,27,15,15,15,15,15,15]",DESIGN-INT,direct
"(5,10)",162,10,"[9,9,9,7,5,5,2,2,2,0]",DESIGN-INT,direct
"(5,10)",163,20,"[18,18,18,12,11,11,5,5,1,1]",DESIGN-INT,direct
"(5,10)",164,30,"[27,27,27,18,9,9,9,8,8,8]",DESIGN-INT,direct
"(5,10)",165,10,"[9,9,8,8,4,4,4,3,1,0]",DESIGN-INT,direct
"(5,10)",166,10,"[9,9,8,6,6,6,3,3,0,0]",INTERFERENCE,direct
"(5,10)",167,10,"[9,9,7,7,6,6,4,1,1,0]",DESIGN-INT,direct
"(5,10)",168,38,"[34,34,34,22,11,11,11,11,11,11]",DESIGN-INT,direct
"(5,10)",169,19,"[17,17,15,15,7,7,7,7,3,0]",DESIGN-INT,direct
"(5,10)",170,28,"[25,25,23,23,13,13,6,6,6,0]",DESIGN-INT,direct
"(5,10)",171,56,"[50,50,36,36,36,36,9,9,9,9]",INTERFERENCE,direct
"(5,10)",172,9,"[8,8,8,7,4,4,2,2,2,0]",DESIGN-INT,direct
"(5,10)",173,9,"[8,8,8,6,5,5,2,2,1,0]",DESIGN-INT,direct
"(5,10)",174,9,"[8,8,8,5,5,5,3,3,0,0]",INTERFERENCE,direct
"(5,10)",175,9,"[8,8,8,3,3,3,3,3,3,3]",DESIGN-INT,direct
"(5,10)",176,9,"[8,8,7,7,5,5,3,1,1,0]",DESIGN-INT,direct
"(5,10)",177,27,"[24,24,21,21,15,15,5,5,5,0]",DESIGN-INT,direct
"(5,10)",178,9,"[8,8,7,7,4,4,4,3,0,0]",INTERFERENCE,direct
"(5,10)",179,17,"[15,15,15,10,10,10,4,4,1,1]",DESIGN-INT,direct
"(5,10)",180,17,"[15,15,12,12,10,10,8,1,1,1]",DESIGN-INT,direct
"(5,10)",181,42,"[37,37,37,27,12,12,12,12,12,12]",DESIGN-INT,direct
"(5,10)",182,8,"[7,7,7,7,4,4,1,1,1,1]",DESIGN-INT,direct
"(5,10)",183,8,"[7,7,7,6,3,3,3,3,1,0]",DESIGN-INT,direct
"(5,10)",184,16,"[14,14,13,13,6,6,6,6,1,1]",DESIGN-INT,direct
"(5,10)",185,16,"[14,14,12,12,9,9,7,1,1,1]",DESIGN-INT,direct
"(5,10)",186,16,"[14,14,12,12,7,7,7,7,0,0]",INTERFERENCE,direct
"(5,10)",187,23,"[20,20,16,16,13,13,13,2,2,0]",DESIGN-INT,direct
"(5,10)",188,15,"[13,13,13,12,6,6,5,5,1,1]",DESIGN-INT,direct
"(5,10)",189,15,"[13,13,13,9,9,9,4,4,1,0]",INTERFERENCE,direct
"(5,10)",190,15,"[13,13,13,9,9,9,3,3,3,0]",DESIGN-INT,direct
"(5,10)",191,15,"[13,13,12,12,6,6,6,6,1,0]",INTERFERENCE,direct
"(5,10)",192,15,"[13,13,11,11,9,9,6,1,1,1]",DESIGN-INT,direct
"(5,10)",193,22,"[19,19,16,16,12,12,12,2,2,0]",DESIGN-INT,direct
"(5,10)",194,7,"[6,6,6,6,3,3,2,2,1,0]",DESIGN-INT,direct
"(5,10)",195,7,"[6,6,6,5,4,4,2,2,0,0]",DESIGN-INT,direct
"(5,10)",196,21,"[18,18,18,15,12,12,4,4,4,0]",DESIGN-INT,direct
"(5,10)",197,7,"[6,6,6,5,3,3,3,3,0,0]",INTERFERENCE,direct
"(5,10)",198,7,"[6,6,5,5,4,4,4,1,0,0]",DESIGN-INT,direct
"(5,10)",199,14,"[12,12,9,9,9,8,8,3,0,0]",DESIGN-INT,direct
"(5,10)",200,20,"[17,17,17,17,9,9,6,4,4,0]",DESIGN-INT,direct
"(5,10)",201,20,"[17,17,13,13,13,13,10,2,2,0]",DESIGN-INT,direct
"(5,10)",202,33,"[28,28,28,27,12,12,12,12,3,3]",DESIGN-INT,direct
"(5,10)",203,13,"[11,11,11,11,6,6,3,3,3,0]",DESIGN-REAL,direct
"(5,10)",204,13,"[11,11,11,11,5,5,5,4,1,1]",DESIGN-INT,direct
"(5,10)",205,13,"[11,11,11,11,5,5,5,3,3,0]",DESIGN-INT,direct
"(5,10)",206,13,"[11,11,11,11,5,5,5,2,2,2]",DESIGN-INT,direct
"(5,10)",207,13,"[11,11,11,8,8,8,2,2,2,2]",DESIGN-INT,direct
"(5,10)",208,13,"[11,11,9,9,8,8,7,1,1,0]",DESIGN-INT,direct
"(5,10)",209,13,"[11,10,10,10,8,8,4,4,0,0]",DESIGN-INT,direct
"(5,10)",210,32,"[27,27,27,27,12,12,11,11,3,3]",DESIGN-INT,direct
"(5,10)",211,25,"[21,21,21,21,9,9,9,9,3,2]",DESIGN-INT,direct
"(5,10)",212,56,"[47,47,47,47,20,20,20,20,6,6]",INTERFERENCE,direct
"(5,10)",213,6,"[5,5,5,5,3,3,2,2,0,0]",DESIGN-INT,direct
"(5,10)",214,12,"[10,10,10,10,5,5,5,4,1,0]",INTERFERENCE,direct
"(5,10)",215,18,"[15,15,15,15,7,7,7,7,1,1]",INTERFERENCE,direct
"(5,10)",216,6,"[5,5,5,5,2,2,2,2,2,0]",DESIGN-INT,direct
"(5,10)",217,6,"[5,5,5,3,3,3,3,3,0,0]",DESIGN-REAL,direct
"(5,10)",218,18,"[15,15,14,14,8,8,8,8,0,0]",INTERFERENCE,direct
"(5,10)",219,12,"[10,10,9,9,7,7,6,1,1,0]",DESIGN-INT,direct
"(5,10)",220,18,"[15,15,13,13,11,11,9,1,1,1]",DESIGN-INT,direct
"(5,10)",221,24,"[20,20,17,17,14,14,14,2,2,0]",DESIGN-INT,direct
"(5,10)",222,6,"[5,5,4,4,4,4,3,1,0,0]",DESIGN-INT,direct
"(5,10)",223,18,"[15,15,12,12,12,12,8,2,2,0]",DESIGN-INT,direct
"(5,10)",224,6,"[5,5,4,4,4,4,2,2,0,0]",DESIGN-INT,direct
"(5,10)",225,18,"[15,15,12,12,11,11,11,1,1,1]",DESIGN-INT,direct
"(5,10)",226,24,"[20,20,15,15,15,15,15,3,1,1]",DESIGN-INT,direct
"(5,10)",227,72,"[60,60,45,45,45,45,45,5,5,5]",DESIGN-INT,direct
"(5,10)",228,47,"[39,39,30,30,30,29,29,3,3,3]",DESIGN-INT,direct
"(5,10)",229,35,"[29,29,22,22,22,22,22,3,2,2]",DESIGN-INT,direct
"(5,10)",230,23,"[19,19,19,19,9,9,9,9,3,0]",INTERFERENCE,direct
"(5,10)",231,23,"[19,19,15,15,15,14,14,2,1,1]",DESIGN-INT,direct
"(5,10)",232,17,"[14,14,11,11,11,11,10,1,1,1]",DESIGN-INT,direct
"(5,10)",233,28,"[23,23,23,23,8,8,8,8,8,8]",DESIGN-INT,direct
"(5,10)",234,11,"[9,9,8,8,7,7,5,1,1,0]",DESIGN-INT,direct
"(5,10)",235,11,"[9,9,7,7,7,7,7,1,1,0]",DESIGN-INT,direct
"(5,10)",236,60,"[49,49,38,38,38,38,38,4,4,4]",DESIGN-INT,direct
"(5,10)",237,16,"[13,13,13,13,9,9,6,2,2,0]",DESIGN-INT,direct
"(5,10)",238,16,"[13,13,12,12,10,10,5,5,0,0]",DESIGN-INT,direct
"(5,10)",239,16,"[13,13,12,12,9,9,9,1,1,1]",DESIGN-INT,direct
"(5,10)",240,48,"[39,39,31,31,31,30,30,3,3,3]",DESIGN-INT,direct
"(5,10)",241,16,"[13,13,10,10,10,10,10,4,0,0]",DESIGN-INT,direct
"(5,10)",242,21,"[17,17,17,17,9,9,9,9,1,0]",INTERFERENCE,direct
"(5,10)",243,21,"[17,17,14,14,14,14,11,2,2,0]",DESIGN-INT,direct
"(5,10)",244,36,"[29,29,23,23,23,23,23,3,2,2]",DESIGN-INT,direct
"(5,10)",245,5,"[4,4,4,4,3,3,2,1,0,0]",DESIGN-INT,direct
"(5,10)",246,15,"[12,12,12,12,9,9,5,2,2,0]",DESIGN-INT,direct
"(5,10)",247,15,"[12,12,12,12,9,9,4,4,1,0]",DESIGN-INT,direct
"(5,10)",248,5,"[4,4,4,4,3,3,1,1,1,0]",DESIGN-INT,direct
"(5,10)",249,10,"[8,8,8,8,5,5,5,3,0,0]",INTERFERENCE,direct
"(5,10)",250,15,"[12,12,12,12,7,7,7,6,0,0]",INTERFERENCE,direct
"(5,10)",251,15,"[12,12,10,10,10,9,9,3,0,0]",DESIGN-INT,direct
"(5,10)",252,25,"[20,20,16,16,16,16,16,3,1,1]",DESIGN-INT,direct
"(5,10)",253,75,"[60,60,48,48,48,48,48,5,5,5]",DESIGN-INT,direct
"(5,10)",254,14,"[11,11,11,11,8,8,7,1,1,1]",DESIGN-INT,direct
"(5,10)",255,28,"[22,22,22,22,13,13,13,13,0,0]",INTERFERENCE,direct
"(5,10)",256,37,"[29,29,29,29,20,20,20,3,3,3]",INTERFERENCE,direct
"(5,10)",257,32,"[25,25,25,25,20,20,9,9,1,1]",DESIGN-INT,direct
"(5,10)",258,18,"[14,14,14,14,11,11,8,2,2,0]",DESIGN-INT,direct
"(5,10)",259,18,"[14,14,14,14,11,11,6,6,0,0]",INTERFERENCE,direct
"(5,10)",260,9,"[7,7,7,7,5,5,5,1,1,0]",DESIGN-INT,direct
"(5,10)",261,18,"[14,14,14,14,10,10,10,2,1,1]",INTERFERENCE,direct
"(5,10)",262,9,"[7,7,7,6,6,6,3,3,0,0]",DESIGN-INT,direct
"(5,10)",263,39,"[30,30,30,30,22,22,22,3,3,3]",INTERFERENCE,direct
"(5,10)",264,13,"[10,10,9,9,9,9,6,1,1,1]",DESIGN-INT,direct
"(5,10)",265,17,"[13,13,13,13,11,11,5,5,1,0]",DESIGN-INT,direct
"(5,10)",266,12,"[9,9,9,9,8,8,5,1,1,1]",DESIGN-INT,direct
"(5,10)",267,24,"[18,18,18,18,16,16,7,7,1,1]",DESIGN-INT,direct
"(5,10)",268,12,"[9,9,9,9,7,7,7,3,0,0]",INTERFERENCE,direct
"(5,10)",269,16,"[12,12,12,11,11,11,7,2,1,1]",DESIGN-INT,direct
"(5,10)",270,12,"[9,9,9,8,8,8,6,3,0,0]",DESIGN-INT,direct
"(5,10)",271,30,"[22,22,22,21,21,21,12,3,3,3]",DESIGN-INT,direct
"(5,10)",272,33,"[24,24,24,23,23,23,15,3,3,3]",DESIGN-INT,direct
"(5,10)",273,7,"[5,5,5,5,5,5,3,1,1,0]",DESIGN-INT,direct
"(5,10)",274,21,"[15,15,15,15,15,15,8,3,2,2]",DESIGN-INT,direct
"(5,10)",275,14,"[10,10,10,10,10,10,5,3,1,1]",DESIGN-INT,direct
"(5,10)",276,42,"[30,30,30,30,30,30,15,5,5,5]",DESIGN-INT,direct
"(5,10)",277,7,"[5,5,5,5,5,5,2,2,1,0]",DESIGN-INT,direct
"(5,10)",278,14,"[10,10,10,10,10,10,4,4,1,1]",DESIGN-INT,direct
"(5,10)",279,21,"[15,15,15,15,15,15,5,5,5,0]",DESIGN-INT,direct
"(5,10)",280,28,"[20,20,20,20,20,20,5,5,5,5]",DESIGN-INT,direct
"(5,10)",281,38,"[27,27,27,27,27,27,16,4,4,4]",DESIGN-INT,direct
"(5,10)",282,24,"[17,17,17,17,17,17,11,3,2,2]",DESIGN-INT,direct
"(5,10)",283,17,"[12,12,12,12,12,12,8,3,1,1]",DESIGN-INT,direct
"(5,10)",284,51,"[36,36,36,36,36,36,24,5,5,5]",DESIGN-INT,direct
"(5,10)",285,10,"[7,7,7,7,7,7,4,4,0,0]",DESIGN-INT,direct
"(5,10)",286,3,"[2,2,2,2,2,2,2,1,0,0]",DESIGN-INT,direct
"(5,10)",287,6,"[4,4,4,4,4,4,4,1,1,0]",DESIGN-INT,direct
"(5,10)",288,9,"[6,6,6,6,6,6,6,1,1,1]",DESIGN-INT,direct
"(5,10)",289,8,"[5,5,5,5,5,5,5,5,0,0]",DESIGN-INT,direct
"(5,10)",290,9,"[5,5,5,5,5,5,5,5,5,0]",DESIGN-INT,direct
"(5,10)",291,2,"[1,1,1,1,1,1,1,1,1,1]",DESIGN-INT,direct
